date,home_team,away_team,home_score,away_score,tournament,city,country,neutral,home_fifa_rank,home_fifa_points,away_fifa_rank,away_fifa_points,outcome,rank_diff,point_diff,is_neutral,match_weight,home_recent_form,home_recent_scoring,away_recent_form,away_recent_scoring,h2h_goal_diff,stage,group
2026-06-11,Mexico,South Africa,,,FIFA World Cup,Mexico City,Mexico,False,15.0,1652.33,59.0,1416.66,,-44.0,235.66999999999985,0,4.0,2.2,1.8,1.0,1.2,1.25,Group Stage,Group A
2026-06-11,Korea Republic,Czech Republic,,,FIFA World Cup,Zapopan,Mexico,True,22.0,1572.87,34.0,1506.23,,-12.0,66.63999999999987,1,4.0,1.8,1.4,3.2,3.4,-1.3333333333333333,Group Stage,Group A
2026-06-12,Canada,Bosnia and Herzegovina,,,FIFA World Cup,Toronto,Canada,False,48.0,1461.74,75.0,1332.3,,-27.0,129.44000000000003,0,4.0,1.8,1.4,2.6,1.2,-0.0,Group Stage,Group B
2026-06-12,USA,Paraguay,,,FIFA World Cup,Inglewood,United States,False,11.0,1676.52,58.0,1427.11,,-47.0,249.41000000000008,0,4.0,1.8,2.4,1.8,1.8,0.5555555555555556,Group Stage,Group C
2026-06-13,Qatar,Switzerland,,,FIFA World Cup,Santa Clara,United States,True,35.0,1504.06,19.0,1617.24,,16.0,-113.18000000000006,1,4.0,0.2,0.4,2.4,2.4,1.0,Group Stage,Group B
2026-06-13,Brazil,Morocco,,,FIFA World Cup,East Rutherford,United States,True,4.0,1791.85,12.0,1669.44,,-8.0,122.40999999999984,1,4.0,2.0,2.6,2.6,3.0,1.3333333333333333,Group Stage,Group D
2026-06-13,Haiti,Scotland,,,FIFA World Cup,Foxborough,United States,True,86.0,1274.46,39.0,1497.18,,47.0,-222.72000000000003,1,4.0,2.0,1.6,1.8,2.0,0.0,Group Stage,Group D
2026-06-13,Australia,Türkiye,,,FIFA World Cup,Vancouver,Canada,True,23.0,1571.29,42.0,1493.38,,-19.0,77.90999999999985,1,4.0,1.2,1.2,4.6,2.0,-1.5,Group Stage,Group C
2026-06-14,Germany,Curaçao,,,FIFA World Cup,Houston,United States,True,16.0,1646.78,150.0,107.0,,-134.0,1539.78,1,4.0,4.2,3.6,1.6,1.8,-0.0,Group Stage,Group E
2026-06-14,Ivory Coast,Ecuador,,,FIFA World Cup,Philadelphia,United States,True,37.0,1499.69,30.0,1517.54,,7.0,-17.84999999999991,1,4.0,2.4,2.4,1.8,1.2,-0.0,Group Stage,Group E
2026-06-14,Netherlands,Japan,,,FIFA World Cup,Arlington,United States,True,7.0,1746.66,17.0,1628.81,,-10.0,117.85000000000014,1,4.0,2.4,1.6,3.0,1.6,1.3333333333333333,Group Stage,Group F
2026-06-14,Sweden,Tunisia,,,FIFA World Cup,Guadalupe,Mexico,True,28.0,1522.19,41.0,1494.06,,-13.0,28.13000000000011,1,4.0,3.0,2.0,1.2,0.6,0.25,Group Stage,Group F
2026-06-15,Iran,New Zealand,,,FIFA World Cup,Inglewood,United States,True,20.0,1611.16,107.0,1197.68,,-87.0,413.48,1,4.0,2.0,2.2,0.6,1.0,1.5,Group Stage,Group G
2026-06-15,Belgium,Egypt,,,FIFA World Cup,Seattle,United States,True,3.0,1797.98,36.0,1502.34,,-33.0,295.6400000000001,1,4.0,3.0,3.2,1.6,1.0,-0.75,Group Stage,Group G
2026-06-15,Saudi Arabia,Uruguay,,,FIFA World Cup,Miami Gardens,United States,True,56.0,1431.3,14.0,1663.44,,42.0,-232.1400000000001,1,4.0,0.6,1.0,1.2,0.8,0.0,Group Stage,Group H
2026-06-15,Spain,Cape Verde,,,FIFA World Cup,Atlanta,United States,True,8.0,1729.92,65.0,1380.53,,-57.0,349.3900000000001,1,4.0,2.6,2.0,1.2,1.4,-0.0,Group Stage,Group H
2026-06-16,France,Senegal,,,FIFA World Cup,East Rutherford,United States,True,2.0,1837.47,18.0,1623.34,,-16.0,214.1300000000001,1,4.0,3.6,2.6,1.8,1.6,-1.5,Group Stage,Group I
2026-06-16,Iraq,Norway,,,FIFA World Cup,Foxborough,United States,True,55.0,1433.07,46.0,1466.48,,9.0,-33.41000000000008,1,4.0,2.0,0.8,3.2,2.4,0.0,Group Stage,Group I
2026-06-16,Argentina,Algeria,,,FIFA World Cup,Kansas City,United States,True,1.0,1860.14,44.0,1474.13,,-43.0,386.01,1,4.0,3.0,3.2,2.0,1.8,1.0,Group Stage,Group J
2026-06-16,Austria,Jordan,,,FIFA World Cup,Santa Clara,United States,True,25.0,1560.03,68.0,1374.13,,-43.0,185.89999999999984,1,4.0,3.4,2.0,1.0,1.6,0.0,Group Stage,Group J
2026-06-17,Portugal,DR Congo,,,FIFA World Cup,Houston,United States,True,6.0,1747.04,61.0,1400.93,,-55.0,346.1099999999999,1,4.0,2.4,2.6,2.6,1.2,-0.0,Group Stage,Group K
2026-06-17,Uzbekistan,Colombia,,,FIFA World Cup,Mexico City,Mexico,True,62.0,1397.41,12.0,1669.44,,50.0,-272.03,1,4.0,1.2,1.0,1.8,2.0,-0.0,Group Stage,Group K
2026-06-17,England,Croatia,,,FIFA World Cup,Arlington,United States,True,5.0,1787.88,9.0,1728.3,,-4.0,59.58000000000016,1,4.0,3.8,2.0,3.0,1.8,0.8181818181818182,Group Stage,Group L
2026-06-17,Ghana,Panama,,,FIFA World Cup,Toronto,Canada,True,64.0,1381.25,43.0,1482.1,,21.0,-100.84999999999992,1,4.0,0.2,0.6,1.4,1.8,0.0,Group Stage,Group L
2026-06-18,Switzerland,Bosnia and Herzegovina,,,FIFA World Cup,Inglewood,United States,True,19.0,1617.24,75.0,1332.3,,-56.0,284.94000000000005,1,4.0,1.2,2.0,1.4,0.75,-2.0,Group Stage,Group B
2026-06-18,Canada,Qatar,,,FIFA World Cup,Vancouver,Canada,False,48.0,1461.74,35.0,1504.06,,13.0,-42.319999999999936,0,4.0,1.2,1.25,0.2,0.25,2.0,Group Stage,Group B
2026-06-18,Czech Republic,South Africa,,,FIFA World Cup,Atlanta,United States,True,34.0,1506.23,59.0,1416.66,,-25.0,89.56999999999994,1,4.0,2.0,2.75,0.4,0.75,0.0,Group Stage,Group A
2026-06-18,Mexico,Korea Republic,,,FIFA World Cup,Zapopan,Mexico,False,15.0,1652.33,22.0,1572.87,,-7.0,79.46000000000004,0,4.0,2.0,2.25,1.2,1.5,0.9285714285714286,Group Stage,Group A
2026-06-19,Brazil,Haiti,,,FIFA World Cup,Philadelphia,United States,True,4.0,1791.85,86.0,1274.46,,-82.0,517.3899999999999,1,4.0,1.4,2.75,0.8,1.5,5.333333333333333,Group Stage,Group D
2026-06-19,Scotland,Morocco,,,FIFA World Cup,Foxborough,United States,True,39.0,1497.18,12.0,1669.44,,27.0,-172.26,1,4.0,1.8,2.0,2.0,3.0,-3.0,Group Stage,Group D
2026-06-19,Türkiye,Paraguay,,,FIFA World Cup,Santa Clara,United States,True,42.0,1493.38,58.0,1427.11,,-16.0,66.27000000000021,1,4.0,3.4,2.0,1.8,2.0,-0.0,Group Stage,Group C
2026-06-19,USA,Australia,,,FIFA World Cup,Seattle,United States,False,11.0,1676.52,23.0,1571.29,,-12.0,105.23000000000002,0,4.0,1.2,2.5,1.2,1.5,0.5,Group Stage,Group C
2026-06-20,Germany,Ivory Coast,,,FIFA World Cup,Toronto,Canada,True,16.0,1646.78,37.0,1499.69,,-21.0,147.08999999999992,1,4.0,3.0,4.0,1.8,2.25,0.0,Group Stage,Group E
2026-06-20,Ecuador,Curaçao,,,FIFA World Cup,Kansas City,United States,True,30.0,1517.54,150.0,107.0,,-120.0,1410.54,1,4.0,1.6,1.5,0.4,0.5,-0.0,Group Stage,Group E
2026-06-20,Netherlands,Sweden,,,FIFA World Cup,Houston,United States,True,7.0,1746.66,28.0,1522.19,,-21.0,224.47000000000003,1,4.0,2.0,1.75,2.6,2.25,-0.04,Group Stage,Group F
2026-06-20,Tunisia,Japan,,,FIFA World Cup,Guadalupe,Mexico,True,41.0,1494.06,17.0,1628.81,,24.0,-134.75,1,4.0,1.0,0.5,2.4,1.5,-0.6,Group Stage,Group F
2026-06-21,Belgium,Iran,,,FIFA World Cup,Inglewood,United States,True,3.0,1797.98,20.0,1611.16,,-17.0,186.82,1,4.0,2.6,3.75,1.8,2.75,0.0,Group Stage,Group G
2026-06-21,New Zealand,Egypt,,,FIFA World Cup,Vancouver,Canada,True,107.0,1197.68,36.0,1502.34,,71.0,-304.65999999999985,1,4.0,0.6,1.0,1.6,1.25,-0.6666666666666666,Group Stage,Group G
2026-06-21,Spain,Saudi Arabia,,,FIFA World Cup,Atlanta,United States,True,8.0,1729.92,56.0,1431.3,,-48.0,298.6200000000001,1,4.0,1.4,1.5,0.6,1.25,2.333333333333333,Group Stage,Group H
2026-06-21,Uruguay,Cape Verde,,,FIFA World Cup,Miami Gardens,United States,True,14.0,1663.44,65.0,1380.53,,-51.0,282.9100000000001,1,4.0,0.6,0.5,1.0,1.75,-0.0,Group Stage,Group H
2026-06-22,France,Iraq,,,FIFA World Cup,Philadelphia,United States,True,2.0,1837.47,55.0,1433.07,,-53.0,404.4000000000001,1,4.0,2.4,2.25,2.0,1.0,0.0,Group Stage,Group I
2026-06-22,Norway,Senegal,,,FIFA World Cup,East Rutherford,United States,True,46.0,1466.48,18.0,1623.34,,28.0,-156.8599999999999,1,4.0,2.0,2.0,1.2,1.75,-1.0,Group Stage,Group I
2026-06-22,Argentina,Austria,,,FIFA World Cup,Arlington,United States,True,1.0,1860.14,25.0,1560.03,,-24.0,300.1100000000001,1,4.0,2.4,3.75,2.2,2.0,2.0,Group Stage,Group J
2026-06-22,Jordan,Algeria,,,FIFA World Cup,Santa Clara,United States,True,68.0,1374.13,44.0,1474.13,,24.0,-100.0,1,4.0,0.4,1.75,1.4,2.0,-3.0,Group Stage,Group J
2026-06-23,Portugal,Uzbekistan,,,FIFA World Cup,Houston,United States,True,6.0,1747.04,62.0,1397.41,,-56.0,349.6299999999999,1,4.0,2.0,2.75,1.0,1.25,0.0,Group Stage,Group K
2026-06-23,Colombia,DR Congo,,,FIFA World Cup,Zapopan,Mexico,True,12.0,1669.44,61.0,1400.93,,-49.0,268.51,1,4.0,1.2,2.0,2.0,0.75,0.0,Group Stage,Group K
2026-06-23,England,Ghana,,,FIFA World Cup,Foxborough,United States,True,5.0,1787.88,64.0,1381.25,,-59.0,406.6300000000001,1,4.0,2.6,1.25,0.2,0.75,0.0,Group Stage,Group L
2026-06-23,Panama,Croatia,,,FIFA World Cup,Toronto,Canada,True,43.0,1482.1,9.0,1728.3,,34.0,-246.20000000000005,1,4.0,1.4,2.25,1.8,1.5,-0.0,Group Stage,Group L
2026-06-24,Canada,Switzerland,,,FIFA World Cup,Vancouver,Canada,False,48.0,1461.74,19.0,1617.24,,29.0,-155.5,0,4.0,1.0,1.0,0.8,2.333333333333333,2.0,Group Stage,Group B
2026-06-24,Mexico,Czech Republic,,,FIFA World Cup,Mexico City,Mexico,False,15.0,1652.33,34.0,1506.23,,-19.0,146.0999999999999,0,4.0,1.8,2.6666666666666665,1.6,3.0,-1.0,Group Stage,Group A
2026-06-24,South Africa,Korea Republic,,,FIFA World Cup,Guadalupe,Mexico,True,59.0,1416.66,22.0,1572.87,,37.0,-156.2099999999998,1,4.0,0.4,0.6666666666666666,1.2,2.0,-0.0,Group Stage,Group A
2026-06-24,Morocco,Haiti,,,FIFA World Cup,Atlanta,United States,True,12.0,1669.44,86.0,1274.46,,-74.0,394.98,1,4.0,1.8,3.6666666666666665,0.8,2.0,-0.0,Group Stage,Group D
2026-06-24,Bosnia and Herzegovina,Qatar,,,FIFA World Cup,Seattle,United States,True,75.0,1332.3,35.0,1504.06,,40.0,-171.76,1,4.0,1.0,0.6666666666666666,0.2,0.3333333333333333,-1.0,Group Stage,Group B
2026-06-24,Scotland,Brazil,,,FIFA World Cup,Miami Gardens,United States,True,39.0,1497.18,4.0,1791.85,,35.0,-294.66999999999985,1,4.0,0.6,1.3333333333333333,1.2,3.333333333333333,-1.3,Group Stage,Group D
2026-06-25,USA,Türkiye,,,FIFA World Cup,Inglewood,United States,False,11.0,1676.52,42.0,1493.38,,-31.0,183.13999999999987,0,4.0,0.6,1.6666666666666667,3.0,2.0,-0.0,Group Stage,Group C
2026-06-25,Paraguay,Australia,,,FIFA World Cup,Santa Clara,United States,True,58.0,1427.11,23.0,1571.29,,35.0,-144.18000000000006,1,4.0,1.2,2.0,1.2,2.0,-0.4,Group Stage,Group C
2026-06-25,Curaçao,Ivory Coast,,,FIFA World Cup,Philadelphia,United States,True,150.0,107.0,37.0,1499.69,,113.0,-1392.69,1,4.0,0.0,0.6666666666666666,1.8,2.333333333333333,0.0,Group Stage,Group E
2026-06-25,Ecuador,Germany,,,FIFA World Cup,East Rutherford,United States,True,30.0,1517.54,16.0,1646.78,,14.0,-129.24,1,4.0,1.0,1.3333333333333333,1.8,3.333333333333333,-2.5,Group Stage,Group E
2026-06-25,Japan,Sweden,,,FIFA World Cup,Arlington,United States,True,17.0,1628.81,28.0,1522.19,,-11.0,106.61999999999988,1,4.0,1.8,1.0,1.4,2.0,-0.25,Group Stage,Group F
2026-06-25,Tunisia,Netherlands,,,FIFA World Cup,Kansas City,United States,True,41.0,1494.06,7.0,1746.66,,34.0,-252.6000000000001,1,4.0,0.8,0.3333333333333333,0.8,1.0,-1.3333333333333333,Group Stage,Group F
2026-06-26,Cape Verde,Saudi Arabia,,,FIFA World Cup,Houston,United States,True,65.0,1380.53,56.0,1431.3,,9.0,-50.76999999999998,1,4.0,0.8,2.0,0.6,1.6666666666666667,0.0,Group Stage,Group H
2026-06-26,Egypt,Iran,,,FIFA World Cup,Seattle,United States,True,36.0,1502.34,20.0,1611.16,,16.0,-108.82000000000016,1,4.0,1.4,1.6666666666666667,1.8,3.333333333333333,0.0,Group Stage,Group G
2026-06-26,New Zealand,Belgium,,,FIFA World Cup,Vancouver,Canada,True,107.0,1197.68,3.0,1797.98,,104.0,-600.3,1,4.0,0.6,1.3333333333333333,1.4,2.6666666666666665,-0.0,Group Stage,Group G
2026-06-26,Norway,France,,,FIFA World Cup,Foxborough,United States,True,46.0,1466.48,2.0,1837.47,,44.0,-370.99,1,4.0,0.8,1.3333333333333333,1.2,2.0,-0.0,Group Stage,Group I
2026-06-26,Senegal,Iraq,,,FIFA World Cup,Toronto,Canada,True,18.0,1623.34,55.0,1433.07,,-37.0,190.27,1,4.0,1.2,2.333333333333333,2.0,1.3333333333333333,-0.0,Group Stage,Group I
2026-06-26,Uruguay,Spain,,,FIFA World Cup,Zapopan,Mexico,True,14.0,1663.44,8.0,1729.92,,6.0,-66.48000000000002,1,4.0,0.4,0.6666666666666666,1.0,1.3333333333333333,-0.8,Group Stage,Group H
2026-06-27,DR Congo,Uzbekistan,,,FIFA World Cup,Atlanta,United States,True,61.0,1400.93,62.0,1397.41,,-1.0,3.519999999999982,1,4.0,2.0,1.0,0.8,1.0,0.0,Group Stage,Group K
2026-06-27,Panama,England,,,FIFA World Cup,East Rutherford,United States,True,43.0,1482.1,5.0,1787.88,,38.0,-305.7800000000002,1,4.0,1.2,2.6666666666666665,1.4,1.0,-5.0,Group Stage,Group L
2026-06-27,Algeria,Austria,,,FIFA World Cup,Kansas City,United States,True,44.0,1474.13,25.0,1560.03,,19.0,-85.89999999999986,1,4.0,1.4,2.6666666666666665,1.8,2.333333333333333,-2.0,Group Stage,Group J
2026-06-27,Jordan,Argentina,,,FIFA World Cup,Arlington,United States,True,68.0,1374.13,1.0,1860.14,,67.0,-486.01,1,4.0,0.4,1.6666666666666667,1.8,3.0,-0.0,Group Stage,Group J
2026-06-27,Colombia,Portugal,,,FIFA World Cup,Miami Gardens,United States,True,12.0,1669.44,6.0,1747.04,,6.0,-77.59999999999991,1,4.0,0.6,1.6666666666666667,2.0,3.6666666666666665,0.0,Group Stage,Group K
2026-06-27,Croatia,Ghana,,,FIFA World Cup,Philadelphia,United States,True,9.0,1728.3,64.0,1381.25,,-55.0,347.04999999999995,1,4.0,0.6,1.0,0.2,0.6666666666666666,0.0,Group Stage,Group L
